Klaus;Peter;peter1@hotmail.com;Deutsch
Hoffman;Hans;hans.hoffmann@alumni.fh-aachen.de;Deutsch
Moos;Ben;ben@abc.de;Deutsch
Paul;Haus;paul@msn.com;Deutsch
Hans;Peter;peter2@hotmail.com;Deutsch
Franz;Hans;peter3@hotmail.com;Deutsch
Josef;Franz;jose@dns.de;Englisch
Leon;Hirt;lihi@outlook.de;Deutsch
Jade;Hutoro;jahu@bug.tv;Englisch
Anna;Maus;anna@deutsche-post.de;Deutsch
Sarah;Redinger;sarar@kika.de;Englisch